<?xml version="1.0" encoding="utf-8"?>
<!DOCTYPE install SYSTEM "http://dev.joomla.org/xml/1.5/plugin-install.dtd">
<install type="plugin" version="1.5" method="upgrade" group="system">
	<name>AcyMailing JCE integration</name>
	<creationDate>June 2018</creationDate>
	<version>5.10.2</version>
	<author>Acyba</author>
	<authorEmail>dev@acyba.com</authorEmail>
	<authorUrl>http://www.acyba.com</authorUrl>
	<copyright>Copyright (C) 2009-2018 ACYBA SAS - All rights reserved..</copyright>
	<license>GNU/GPLv3 http://www.gnu.org/licenses/gpl-3.0.html</license>
	<description>This plugin enables you to use the JCE editor with AcyMailing</description>
	<files>
		<filename plugin="jceacymailing">jceacymailing.php</filename>
	</files>
</install>
